Review,Rating
Excellent product. I loved it.,5
Very good quality and fast delivery.,5
Amazing product highly recommended.,5
Worth every penny.,4
Good quality satisfied with the purchase.,4
Nice product and easy to use.,4
Average product nothing special.,3
It's okay neither good nor bad.,3
Product is fine but delivery was late.,3
Packaging was average.,3
Bad quality disappointed.,2
Waste of money.,1
Very poor experience.,1
Product stopped working after two days.,1
Not worth buying.,2
Excellent customer service.,5
Superb quality.,5
Horrible product.,1
I am happy with this purchase.,5
I will never buy this again.,1